{"cameraMode":{"drawMode":0,"name":"Shaded","section":"Shading Mode"},"sceneLighting":false,"audioPlay":false,"sceneViewState":{"m_AlwaysRefresh":false,"showFog":true,"showSkybox":false,"showFlares":true,"showImageEffects":true,"showParticleSystems":true,"showVisualEffectGraphs":true,"m_FxEnabled":true},"in2DMode":false,"pivot":{"x":4.001134872436523,"y":1.2512240409851075,"z":-20.607999801635743},"rotation":{"x":0.000124010446597822,"y":-0.8836003541946411,"z":0.0002753451990429312,"w":0.46822071075439455},"size":2.2959606647491457,"orthographic":false}